<addon id="plugin.video.uflix" name="Uflix" version="1.0.0" provider-name="Uflix">
    <requires>
        <import addon="xbmc.python" version="3.0.0"/>
    </requires>
    <extension point="xbmc.python.plugin" library="default.py">
        <provides>video</provides>
    </extension>
    <extension point="xbmc.addon.metadata">
        <summary>Uflix Kodi Addon</summary>
        <description>A Kodi addon to play movies and series from Uflix.</description>
        <platform>all</platform>
        <license>GPL v2.0</license>
        <source>https://github.com/yourusername/uflix-addon</source>
    </extension>
</addon>